,Rank,Club,Country,Level,Elo,From,To
2183,None,Osnabrueck,GER,2,1400.60168457,2007-07-01,2007-08-10
2184,None,Osnabrueck,GER,2,1411.18261719,2007-08-11,2007-08-15
2185,None,Osnabrueck,GER,2,1410.94909668,2007-08-16,2007-08-16
2186,None,Osnabrueck,GER,2,1410.53186035,2007-08-17,2007-08-17
2187,None,Osnabrueck,GER,2,1411.90893555,2007-08-18,2007-08-24
2188,None,Osnabrueck,GER,2,1410.29296875,2007-08-25,2007-08-29
2189,None,Osnabrueck,GER,2,1412.2232666,2007-08-30,2007-08-30
2190,None,Osnabrueck,GER,2,1412.93933105,2007-08-31,2007-09-02
2191,None,Osnabrueck,GER,2,1408.70568848,2007-09-03,2007-09-16
2192,None,Osnabrueck,GER,2,1398.56396484,2007-09-17,2007-09-18
2193,None,Osnabrueck,GER,2,1395.76965332,2007-09-19,2007-09-19
2194,None,Osnabrueck,GER,2,1392.50842285,2007-09-20,2007-09-20
2195,None,Osnabrueck,GER,2,1393.12902832,2007-09-21,2007-09-21
2196,None,Osnabrueck,GER,2,1400.94165039,2007-09-22,2007-09-25
2197,None,Osnabrueck,GER,2,1393.17114258,2007-09-26,2007-09-28
2198,None,Osnabrueck,GER,2,1402.61865234,2007-09-29,2007-10-02
2199,None,Osnabrueck,GER,2,1400.52856445,2007-10-03,2007-10-03
2200,None,Osnabrueck,GER,2,1395.95507812,2007-10-04,2007-10-04
2201,None,Osnabrueck,GER,2,1401.38903809,2007-10-05,2007-10-07
2202,None,Osnabrueck,GER,2,1392.82250977,2007-10-08,2007-10-19
2203,None,Osnabrueck,GER,2,1394.70214844,2007-10-20,2007-10-23
2204,None,Osnabrueck,GER,2,1391.19812012,2007-10-24,2007-10-24
2205,None,Osnabrueck,GER,2,1391.71203613,2007-10-25,2007-10-25
2206,None,Osnabrueck,GER,2,1396.25195312,2007-10-26,2007-10-28
2207,None,Osnabrueck,GER,2,1390.20617676,2007-10-29,2007-11-01
2208,None,Osnabrueck,GER,2,1399.09667969,2007-11-02,2007-11-06
2209,None,Osnabrueck,GER,2,1397.51452637,2007-11-07,2007-11-07
2210,None,Osnabrueck,GER,2,1396.1607666,2007-11-08,2007-11-08
2211,None,Osnabrueck,GER,2,1388.27966309,2007-11-09,2007-11-09
2212,None,Osnabrueck,GER,2,1383.31188965,2007-11-10,2007-11-23
2213,None,Osnabrueck,GER,2,1380.40979004,2007-11-24,2007-11-27
2214,None,Osnabrueck,GER,2,1382.16723633,2007-11-28,2007-11-28
2215,None,Osnabrueck,GER,2,1387.07080078,2007-11-29,2007-11-29
2216,None,Osnabrueck,GER,2,1390.47680664,2007-11-30,2007-12-02
2217,None,Osnabrueck,GER,2,1384.02282715,2007-12-03,2007-12-05
2218,None,Osnabrueck,GER,2,1389.77099609,2007-12-06,2007-12-06
2219,None,Osnabrueck,GER,2,1390.75512695,2007-12-07,2007-12-09
2220,None,Osnabrueck,GER,2,1405.86779785,2007-12-10,2007-12-11
2221,None,Osnabrueck,GER,2,1402.79541016,2007-12-12,2007-12-12
2222,None,Osnabrueck,GER,2,1401.96826172,2007-12-13,2007-12-14
2223,None,Osnabrueck,GER,2,1403.61828613,2007-12-15,2007-12-19
2224,None,Osnabrueck,GER,2,1410.78308105,2007-12-20,2007-12-20
2225,None,Osnabrueck,GER,2,1411.74389648,2007-12-21,2008-02-03
2226,None,Osnabrueck,GER,2,1417.43432617,2008-02-04,2008-02-10
2227,None,Osnabrueck,GER,2,1403.70056152,2008-02-11,2008-02-13
2228,None,Osnabrueck,GER,2,1406.39074707,2008-02-14,2008-02-14
2229,None,Osnabrueck,GER,2,1407.74694824,2008-02-15,2008-02-17
2230,None,Osnabrueck,GER,2,1421.89550781,2008-02-18,2008-02-19
2231,None,Osnabrueck,GER,2,1423.90820312,2008-02-20,2008-02-21
2232,None,Osnabrueck,GER,2,1427.97680664,2008-02-22,2008-02-24
2233,None,Osnabrueck,GER,2,1430.35437012,2008-02-25,2008-03-02
2234,None,Osnabrueck,GER,2,1415.95568848,2008-03-03,2008-03-05
2235,None,Osnabrueck,GER,2,1414.48632812,2008-03-06,2008-03-06
2236,None,Osnabrueck,GER,2,1412.18762207,2008-03-07,2008-03-09
2237,None,Osnabrueck,GER,2,1422.12011719,2008-03-10,2008-03-12
2238,None,Osnabrueck,GER,2,1421.90246582,2008-03-13,2008-03-13
2239,None,Osnabrueck,GER,2,1421.38830566,2008-03-14,2008-03-16
2240,None,Osnabrueck,GER,2,1409.11889648,2008-03-17,2008-03-20
2241,None,Osnabrueck,GER,2,1403.08520508,2008-03-21,2008-03-31
2242,None,Osnabrueck,GER,2,1415.11645508,2008-04-01,2008-04-01
2243,None,Osnabrueck,GER,2,1413.57800293,2008-04-02,2008-04-03
2244,None,Osnabrueck,GER,2,1404.45788574,2008-04-04,2008-04-06
2245,None,Osnabrueck,GER,2,1396.57177734,2008-04-07,2008-04-09
2246,None,Osnabrueck,GER,2,1395.87255859,2008-04-10,2008-04-10
2247,None,Osnabrueck,GER,2,1401.29150391,2008-04-11,2008-04-11
2248,None,Osnabrueck,GER,2,1412.29211426,2008-04-12,2008-04-15
2249,None,Osnabrueck,GER,2,1407.125,2008-04-16,2008-04-24
2250,None,Osnabrueck,GER,2,1405.52160645,2008-04-25,2008-04-27
2251,None,Osnabrueck,GER,2,1399.9921875,2008-04-28,2008-05-01
2252,None,Osnabrueck,GER,2,1389.68811035,2008-05-02,2008-05-02
2253,None,Osnabrueck,GER,2,1391.65063477,2008-05-03,2008-05-06
2254,None,Osnabrueck,GER,2,1392.35754395,2008-05-07,2008-05-11
2255,None,Osnabrueck,GER,2,1395.23620605,2008-05-12,2008-05-18
2256,None,Osnabrueck,GER,2,1405.68249512,2008-05-19,2008-07-17
2257,None,Osnabrueck,GER,2,1406.09985352,2008-07-18,2008-07-31
2258,None,Osnabrueck,GER,2,1406.13476562,2008-08-01,2008-08-13
2259,None,Osnabrueck,GER,2,1408.08532715,2008-08-14,2008-08-14
2260,None,Osnabrueck,GER,2,1408.16760254,2008-08-15,2008-08-15
2261,None,Osnabrueck,GER,2,1410.76062012,2008-08-16,2008-08-22
2262,None,Osnabrueck,GER,2,1411.56384277,2008-08-23,2008-08-27
2263,None,Osnabrueck,GER,2,1403.70959473,2008-08-28,2008-08-28
2264,None,Osnabrueck,GER,2,1404.39733887,2008-08-29,2008-08-29
2265,None,Osnabrueck,GER,2,1400.24121094,2008-08-30,2008-09-14
2266,None,Osnabrueck,GER,2,1405.67236328,2008-09-15,2008-09-16
2267,None,Osnabrueck,GER,2,1404.79003906,2008-09-17,2008-09-17
2268,None,Osnabrueck,GER,2,1407.21411133,2008-09-18,2008-09-18
2269,None,Osnabrueck,GER,2,1402.65039062,2008-09-19,2008-09-21
2270,None,Osnabrueck,GER,2,1395.79882812,2008-09-22,2008-09-26
2271,None,Osnabrueck,GER,2,1402.84790039,2008-09-27,2008-09-30
2272,None,Osnabrueck,GER,2,1402.41333008,2008-10-01,2008-10-01
2273,None,Osnabrueck,GER,2,1404.4005127,2008-10-02,2008-10-02
2274,None,Osnabrueck,GER,2,1413.71533203,2008-10-03,2008-10-05
2275,None,Osnabrueck,GER,2,1408.05419922,2008-10-06,2008-10-17
2276,None,Osnabrueck,GER,2,1412.55187988,2008-10-18,2008-10-21
2277,None,Osnabrueck,GER,2,1415.71972656,2008-10-22,2008-10-22
2278,None,Osnabrueck,GER,2,1415.39306641,2008-10-23,2008-10-23
2279,None,Osnabrueck,GER,2,1416.98937988,2008-10-24,2008-10-26
2280,None,Osnabrueck,GER,2,1403.06713867,2008-10-27,2008-10-29
2281,None,Osnabrueck,GER,2,1398.00537109,2008-10-30,2008-11-02
2282,None,Osnabrueck,GER,2,1395.84448242,2008-11-03,2008-11-04
2283,None,Osnabrueck,GER,2,1387.86608887,2008-11-05,2008-11-05
2284,None,Osnabrueck,GER,2,1388.55871582,2008-11-06,2008-11-06
2285,None,Osnabrueck,GER,2,1392.92773438,2008-11-07,2008-11-09
2286,None,Osnabrueck,GER,2,1398.11804199,2008-11-10,2008-11-14
2287,None,Osnabrueck,GER,2,1396.02819824,2008-11-15,2008-11-21
2288,None,Osnabrueck,GER,2,1391.33630371,2008-11-22,2008-11-25
2289,None,Osnabrueck,GER,2,1392.34716797,2008-11-26,2008-11-26
2290,None,Osnabrueck,GER,2,1391.68554688,2008-11-27,2008-11-27
2291,None,Osnabrueck,GER,2,1386.69006348,2008-11-28,2008-11-28
2292,None,Osnabrueck,GER,2,1389.55688477,2008-11-29,2008-12-03
2293,None,Osnabrueck,GER,2,1382.75158691,2008-12-04,2008-12-04
2294,None,Osnabrueck,GER,2,1388.83276367,2008-12-05,2008-12-07
2295,None,Osnabrueck,GER,2,1399.98828125,2008-12-08,2008-12-09
2296,None,Osnabrueck,GER,2,1403.51940918,2008-12-10,2008-12-10
2297,None,Osnabrueck,GER,2,1406.75085449,2008-12-11,2008-12-12
2298,None,Osnabrueck,GER,2,1407.3894043,2008-12-13,2008-12-17
2299,None,Osnabrueck,GER,2,1412.5916748,2008-12-18,2008-12-18
2300,None,Osnabrueck,GER,2,1411.86279297,2008-12-19,2009-01-30
2301,None,Osnabrueck,GER,2,1410.42687988,2009-01-31,2009-02-06
2302,None,Osnabrueck,GER,2,1404.96801758,2009-02-07,2009-02-15
2303,None,Osnabrueck,GER,2,1396.37365723,2009-02-16,2009-02-18
2304,None,Osnabrueck,GER,2,1392.85803223,2009-02-19,2009-02-22
2305,None,Osnabrueck,GER,2,1387.25646973,2009-02-23,2009-02-25
2306,None,Osnabrueck,GER,2,1392.19812012,2009-02-26,2009-02-26
2307,None,Osnabrueck,GER,2,1388.59472656,2009-02-27,2009-03-01
2308,None,Osnabrueck,GER,2,1394.68395996,2009-03-02,2009-03-06
2309,None,Osnabrueck,GER,2,1387.10803223,2009-03-07,2009-03-10
2310,None,Osnabrueck,GER,2,1389.05175781,2009-03-11,2009-03-12
2311,None,Osnabrueck,GER,2,1388.94604492,2009-03-13,2009-03-15
2312,None,Osnabrueck,GER,2,1407.8157959,2009-03-16,2009-03-18
2313,None,Osnabrueck,GER,2,1409.23828125,2009-03-19,2009-03-19
2314,None,Osnabrueck,GER,2,1413.38769531,2009-03-20,2009-03-20
2315,None,Osnabrueck,GER,2,1416.28466797,2009-03-21,2009-04-05
2316,None,Osnabrueck,GER,2,1419.62011719,2009-04-06,2009-04-08
2317,None,Osnabrueck,GER,2,1416.18811035,2009-04-09,2009-04-09
2318,None,Osnabrueck,GER,2,1421.25036621,2009-04-10,2009-04-12
2319,None,Osnabrueck,GER,2,1409.85339355,2009-04-13,2009-04-14
2320,None,Osnabrueck,GER,2,1409.61230469,2009-04-15,2009-04-16
2321,None,Osnabrueck,GER,2,1410.73303223,2009-04-17,2009-04-17
2322,None,Osnabrueck,GER,2,1401.14172363,2009-04-18,2009-04-27
2323,None,Osnabrueck,GER,2,1400.78320312,2009-04-28,2009-05-01
2324,None,Osnabrueck,GER,2,1410.45996094,2009-05-02,2009-05-08
2325,None,Osnabrueck,GER,2,1419.95898438,2009-05-09,2009-05-13
2326,None,Osnabrueck,GER,2,1416.53540039,2009-05-14,2009-05-17
2327,None,Osnabrueck,GER,2,1414.10107422,2009-05-18,2009-05-20
2328,None,Osnabrueck,GER,2,1412.0402832,2009-05-21,2009-05-24
2329,None,Osnabrueck,GER,2,1406.67407227,2009-05-25,2009-07-01
2330,None,Osnabrueck,GER,2,1412.54040527,2010-07-01,2010-07-29
2331,None,Osnabrueck,GER,2,1412.68688965,2010-07-30,2010-08-05
2332,None,Osnabrueck,GER,2,1412.6907959,2010-08-06,2010-08-18
2333,None,Osnabrueck,GER,2,1414.92431641,2010-08-19,2010-08-19
2334,None,Osnabrueck,GER,2,1416.3026123,2010-08-20,2010-08-22
2335,None,Osnabrueck,GER,2,1406.44763184,2010-08-23,2010-08-24
2336,None,Osnabrueck,GER,2,1406.61730957,2010-08-25,2010-08-26
2337,None,Osnabrueck,GER,2,1407.06335449,2010-08-27,2010-08-29
2338,None,Osnabrueck,GER,2,1400.19177246,2010-08-30,2010-09-10
2339,None,Osnabrueck,GER,2,1407.67358398,2010-09-11,2010-09-14
2340,None,Osnabrueck,GER,2,1404.84899902,2010-09-15,2010-09-15
2341,None,Osnabrueck,GER,2,1406.8182373,2010-09-16,2010-09-16
2342,None,Osnabrueck,GER,2,1411.11560059,2010-09-17,2010-09-19
2343,None,Osnabrueck,GER,2,1416.86083984,2010-09-20,2010-09-22
2344,None,Osnabrueck,GER,2,1429.40991211,2010-09-23,2010-09-26
2345,None,Osnabrueck,GER,2,1423.80822754,2010-09-27,2010-09-28
2346,None,Osnabrueck,GER,2,1425.12512207,2010-09-29,2010-09-29
2347,None,Osnabrueck,GER,2,1426.26062012,2010-09-30,2010-09-30
2348,None,Osnabrueck,GER,2,1424.60839844,2010-10-01,2010-10-02
2349,None,Osnabrueck,GER,2,1416.08203125,2010-10-03,2010-10-15
2350,None,Osnabrueck,GER,2,1409.65124512,2010-10-16,2010-10-19
2351,None,Osnabrueck,GER,2,1409.89160156,2010-10-20,2010-10-20
2352,None,Osnabrueck,GER,2,1411.29907227,2010-10-21,2010-10-21
2353,None,Osnabrueck,GER,2,1409.62231445,2010-10-22,2010-10-22
2354,None,Osnabrueck,GER,2,1423.88757324,2010-10-23,2010-10-31
2355,None,Osnabrueck,GER,2,1419.62817383,2010-11-01,2010-11-02
2356,None,Osnabrueck,GER,2,1413.81604004,2010-11-03,2010-11-03
2357,None,Osnabrueck,GER,2,1415.20202637,2010-11-04,2010-11-04
2358,None,Osnabrueck,GER,2,1420.78344727,2010-11-05,2010-11-08
2359,None,Osnabrueck,GER,2,1420.29394531,2010-11-09,2010-11-13
2360,None,Osnabrueck,GER,2,1414.93237305,2010-11-14,2010-11-19
2361,None,Osnabrueck,GER,2,1432.63391113,2010-11-20,2010-11-23
2362,None,Osnabrueck,GER,2,1429.92456055,2010-11-24,2010-11-24
2363,None,Osnabrueck,GER,2,1431.62243652,2010-11-25,2010-11-26
2364,None,Osnabrueck,GER,2,1422.77514648,2010-11-27,2010-12-01
2365,None,Osnabrueck,GER,2,1419.8494873,2010-12-02,2010-12-02
2366,None,Osnabrueck,GER,2,1420.39660645,2010-12-03,2010-12-03
2367,None,Osnabrueck,GER,2,1419.46582031,2010-12-04,2010-12-07
2368,None,Osnabrueck,GER,2,1427.48852539,2010-12-08,2010-12-08
2369,None,Osnabrueck,GER,2,1428.5435791,2010-12-09,2010-12-12
2370,None,Osnabrueck,GER,2,1424.83239746,2010-12-13,2010-12-15
2371,None,Osnabrueck,GER,2,1424.28515625,2010-12-16,2010-12-16
2372,None,Osnabrueck,GER,2,1424.36572266,2010-12-17,2010-12-19
2373,None,Osnabrueck,GER,2,1430.51574707,2010-12-20,2011-01-16
2374,None,Osnabrueck,GER,2,1424.32141113,2011-01-17,2011-01-21
2375,None,Osnabrueck,GER,2,1416.80273438,2011-01-22,2011-01-28
2376,None,Osnabrueck,GER,2,1428.35266113,2011-01-29,2011-02-04
2377,None,Osnabrueck,GER,2,1420.59973145,2011-02-05,2011-02-11
2378,None,Osnabrueck,GER,2,1423.81054688,2011-02-12,2011-02-15
2379,None,Osnabrueck,GER,2,1425.10888672,2011-02-16,2011-02-17
2380,None,Osnabrueck,GER,2,1428.03820801,2011-02-18,2011-02-20
2381,None,Osnabrueck,GER,2,1436.58081055,2011-02-21,2011-02-23
2382,None,Osnabrueck,GER,2,1438.80505371,2011-02-24,2011-02-24
2383,None,Osnabrueck,GER,2,1435.50646973,2011-02-25,2011-02-27
2384,None,Osnabrueck,GER,2,1431.48608398,2011-02-28,2011-03-04
2385,None,Osnabrueck,GER,2,1422.99633789,2011-03-05,2011-03-09
2386,None,Osnabrueck,GER,2,1427.87402344,2011-03-10,2011-03-10
2387,None,Osnabrueck,GER,2,1423.85229492,2011-03-11,2011-03-13
2388,None,Osnabrueck,GER,2,1419.39624023,2011-03-14,2011-03-15
2389,None,Osnabrueck,GER,2,1414.06506348,2011-03-16,2011-03-17
2390,None,Osnabrueck,GER,2,1412.05078125,2011-03-18,2011-03-19
2391,None,Osnabrueck,GER,2,1401.90197754,2011-03-20,2011-04-01
2392,None,Osnabrueck,GER,2,1405.02514648,2011-04-02,2011-04-05
2393,None,Osnabrueck,GER,2,1411.76879883,2011-04-06,2011-04-08
2394,None,Osnabrueck,GER,2,1409.59558105,2011-04-09,2011-04-13
2395,None,Osnabrueck,GER,2,1410.46398926,2011-04-14,2011-04-16
2396,None,Osnabrueck,GER,2,1407.23193359,2011-04-17,2011-04-21
2397,None,Osnabrueck,GER,2,1406.78540039,2011-04-22,2011-04-26
2398,None,Osnabrueck,GER,2,1404.42028809,2011-04-27,2011-04-29
2399,None,Osnabrueck,GER,2,1399.2545166,2011-04-30,2011-05-04
2400,None,Osnabrueck,GER,2,1398.07543945,2011-05-05,2011-05-08
2401,None,Osnabrueck,GER,2,1391.14562988,2011-05-09,2011-05-15
2402,None,Osnabrueck,GER,2,1403.11767578,2011-05-16,2011-07-02
2403,None,Osnabrueck,GER,2,1418.09313965,2019-07-01,2019-07-25
2404,None,Osnabrueck,GER,2,1418.08947754,2019-07-26,2019-07-27
2405,None,Osnabrueck,GER,2,1407.38110352,2019-07-28,2019-08-01
2406,None,Osnabrueck,GER,2,1407.38952637,2019-08-02,2019-08-02
2407,None,Osnabrueck,GER,2,1417.98803711,2019-08-03,2019-08-08
2408,None,Osnabrueck,GER,2,1418.44946289,2019-08-09,2019-08-15
2409,None,Osnabrueck,GER,2,1418.47998047,2019-08-16,2019-08-19
2410,None,Osnabrueck,GER,2,1434.93652344,2019-08-20,2019-08-22
2411,None,Osnabrueck,GER,2,1432.63537598,2019-08-23,2019-08-25
2412,None,Osnabrueck,GER,2,1427.015625,2019-08-26,2019-08-29
2413,None,Osnabrueck,GER,2,1431.14025879,2019-08-30,2019-09-01
2414,None,Osnabrueck,GER,2,1442.51464844,2019-09-02,2019-09-15
2415,None,Osnabrueck,GER,2,1435.77636719,2019-09-16,2019-09-17
2416,None,Osnabrueck,GER,2,1440.07507324,2019-09-18,2019-09-18
2417,None,Osnabrueck,GER,2,1436.4675293,2019-09-19,2019-09-19
2418,None,Osnabrueck,GER,2,1423.02929688,2019-09-20,2019-09-22
2419,None,Osnabrueck,GER,2,1421.7076416,2019-09-23,2019-09-27
2420,None,Osnabrueck,GER,2,1409.81628418,2019-09-28,2019-10-01
2421,None,Osnabrueck,GER,2,1414.38793945,2019-10-02,2019-10-02
2422,None,Osnabrueck,GER,2,1411.36218262,2019-10-03,2019-10-03
2423,None,Osnabrueck,GER,2,1412.31396484,2019-10-04,2019-10-07
2424,None,Osnabrueck,GER,2,1405.72888184,2019-10-08,2019-10-20
2425,None,Osnabrueck,GER,2,1409.48742676,2019-10-21,2019-10-22
2426,None,Osnabrueck,GER,2,1409.77001953,2019-10-23,2019-10-23
2427,None,Osnabrueck,GER,2,1407.39331055,2019-10-24,2019-10-24
2428,None,Osnabrueck,GER,2,1409.14233398,2019-10-25,2019-10-27
2429,None,Osnabrueck,GER,2,1407.76574707,2019-10-28,2019-11-01
2430,None,Osnabrueck,GER,2,1410.8795166,2019-11-02,2019-11-05
2431,None,Osnabrueck,GER,2,1416.14074707,2019-11-06,2019-11-06
2432,None,Osnabrueck,GER,2,1420.56958008,2019-11-07,2019-11-07
2433,None,Osnabrueck,GER,2,1413.33569336,2019-11-08,2019-11-09
2434,None,Osnabrueck,GER,2,1423.76330566,2019-11-10,2019-11-22
2435,None,Osnabrueck,GER,2,1425.87194824,2019-11-23,2019-11-26
2436,None,Osnabrueck,GER,2,1431.77160645,2019-11-27,2019-11-27
2437,None,Osnabrueck,GER,2,1429.35009766,2019-11-28,2019-11-28
2438,None,Osnabrueck,GER,2,1436.88244629,2019-11-29,2019-11-29
2439,None,Osnabrueck,GER,2,1447.17590332,2019-11-30,2019-12-07
2440,None,Osnabrueck,GER,2,1462.24499512,2019-12-08,2019-12-10
2441,None,Osnabrueck,GER,2,1462.76342773,2019-12-11,2019-12-11
2442,None,Osnabrueck,GER,2,1461.52514648,2019-12-12,2019-12-12
2443,None,Osnabrueck,GER,2,1453.77868652,2019-12-13,2019-12-15
2444,None,Osnabrueck,GER,2,1462.67834473,2019-12-16,2019-12-22
2445,None,Osnabrueck,GER,2,1454.81103516,2019-12-23,2020-01-29
2446,None,Osnabrueck,GER,2,1441.12463379,2020-01-30,2020-02-02
2447,None,Osnabrueck,GER,2,1443.15539551,2020-02-03,2020-02-08
2448,None,Osnabrueck,GER,2,1433.72619629,2020-02-09,2020-02-16
2449,None,Osnabrueck,GER,2,1433.89562988,2020-02-17,2020-02-18
2450,None,Osnabrueck,GER,2,1435.36547852,2020-02-19,2020-02-19
2451,None,Osnabrueck,GER,2,1438.35595703,2020-02-20,2020-02-20
2452,None,Osnabrueck,GER,2,1446.46484375,2020-02-21,2020-02-21
2453,None,Osnabrueck,GER,2,1444.95227051,2020-02-22,2020-02-25
2454,None,Osnabrueck,GER,2,1448.05273438,2020-02-26,2020-02-27
2455,None,Osnabrueck,GER,2,1457.2331543,2020-02-28,2020-02-28
2456,None,Osnabrueck,GER,2,1458.76184082,2020-02-29,2020-03-01
2457,None,Osnabrueck,GER,2,1449.23974609,2020-03-02,2020-03-06
2458,None,Osnabrueck,GER,2,1428.56481934,2020-03-07,2020-03-10
2459,None,Osnabrueck,GER,2,1432.44567871,2020-03-11,2020-03-11
2460,None,Osnabrueck,GER,2,1428.06713867,2020-03-12,2020-03-12
2461,None,Osnabrueck,GER,2,1419.4420166,2020-03-13,2020-05-17
2462,None,Osnabrueck,GER,2,1424.97021484,2020-05-18,2020-05-23
2463,None,Osnabrueck,GER,2,1415.11340332,2020-05-24,2020-05-26
2464,None,Osnabrueck,GER,2,1430.43725586,2020-05-27,2020-05-29
2465,None,Osnabrueck,GER,2,1429.87646484,2020-05-30,2020-06-07
2466,None,Osnabrueck,GER,2,1434.80297852,2020-06-08,2020-06-13
2467,None,Osnabrueck,GER,2,1424.06079102,2020-06-14,2020-06-16
2468,None,Osnabrueck,GER,2,1428.40808105,2020-06-17,2020-06-21
2469,None,Osnabrueck,GER,2,1442.9119873,2020-06-22,2020-06-28
2470,None,Osnabrueck,GER,2,1442.70288086,2020-06-29,2020-08-05
2471,None,Osnabrueck,GER,2,1439.02258301,2020-08-06,2020-08-06
2472,None,Osnabrueck,GER,2,1437.31176758,2020-08-07,2020-08-08
2473,None,Osnabrueck,GER,2,1437.69873047,2020-08-09,2020-08-10
2474,None,Osnabrueck,GER,2,1435.18566895,2020-08-11,2020-08-13
2475,None,Osnabrueck,GER,2,1438.58691406,2020-08-14,2020-08-14
2476,None,Osnabrueck,GER,2,1444.34448242,2020-08-15,2020-08-18
2477,None,Osnabrueck,GER,2,1440.51025391,2020-08-19,2020-08-19
2478,None,Osnabrueck,GER,2,1441.74658203,2020-08-20,2020-08-23
2479,None,Osnabrueck,GER,2,1443.53491211,2020-08-24,2020-09-17
2480,None,Osnabrueck,GER,2,1444.38134766,2020-09-18,2020-09-20
2481,None,Osnabrueck,GER,2,1445.75732422,2020-09-21,2020-09-24
2482,None,Osnabrueck,GER,2,1446.91748047,2020-09-25,2020-09-25
2483,None,Osnabrueck,GER,2,1456.32141113,2020-09-26,2020-10-01
2484,None,Osnabrueck,GER,2,1453.00732422,2020-10-02,2020-10-02
2485,None,Osnabrueck,GER,2,1455.3092041,2020-10-03,2020-10-20
2486,None,Osnabrueck,GER,2,1451.1965332,2020-10-21,2020-10-21
2487,None,Osnabrueck,GER,2,1455.26708984,2020-10-22,2020-10-22
2488,None,Osnabrueck,GER,2,1459.58740234,2020-10-23,2020-10-25
2489,None,Osnabrueck,GER,2,1462.12805176,2020-10-26,2020-10-27
2490,None,Osnabrueck,GER,2,1463.40551758,2020-10-28,2020-10-28
2491,None,Osnabrueck,GER,2,1460.18554688,2020-10-29,2020-10-29
2492,None,Osnabrueck,GER,2,1458.44812012,2020-10-30,2020-10-31
2493,None,Osnabrueck,GER,2,1465.44128418,2020-11-01,2020-11-03
2494,None,Osnabrueck,GER,2,1475.64404297,2020-11-04,2020-11-04
2495,None,Osnabrueck,GER,2,1481.10339355,2020-11-05,2020-11-05
2496,None,Osnabrueck,GER,2,1482.99487305,2020-11-06,2020-11-08
2497,None,Osnabrueck,GER,2,1495.93969727,2020-11-09,2020-11-23
2498,None,Osnabrueck,GER,2,1479.07092285,2020-11-24,2020-11-24
2499,None,Osnabrueck,GER,2,1478.40795898,2020-11-25,2020-11-25
2500,None,Osnabrueck,GER,2,1482.25524902,2020-11-26,2020-11-26
2501,None,Osnabrueck,GER,2,1483.86877441,2020-11-27,2020-11-27
2502,None,Osnabrueck,GER,2,1491.8560791,2020-11-28,2020-12-01
2503,None,Osnabrueck,GER,2,1487.87341309,2020-12-02,2020-12-02
2504,None,Osnabrueck,GER,2,1487.1484375,2020-12-03,2020-12-03
2505,None,Osnabrueck,GER,2,1488.11572266,2020-12-04,2020-12-05
2506,None,Osnabrueck,GER,2,1478.8770752,2020-12-06,2020-12-08
2507,None,Osnabrueck,GER,2,1482.44042969,2020-12-09,2020-12-09
2508,None,Osnabrueck,GER,2,1480.28930664,2020-12-10,2020-12-10
2509,None,Osnabrueck,GER,2,1483.421875,2020-12-11,2020-12-13
2510,None,Osnabrueck,GER,2,1493.90808105,2020-12-14,2020-12-16
2511,None,Osnabrueck,GER,2,1485.22766113,2020-12-17,2020-12-19
2512,None,Osnabrueck,GER,2,1477.04431152,2020-12-20,2021-01-03
2513,None,Osnabrueck,GER,2,1487.67016602,2021-01-04,2021-01-09
2514,None,Osnabrueck,GER,2,1476.08166504,2021-01-10,2021-01-18
2515,None,Osnabrueck,GER,2,1465.16210938,2021-01-19,2021-01-22
2516,None,Osnabrueck,GER,2,1456.96862793,2021-01-23,2021-01-26
2517,None,Osnabrueck,GER,2,1449.89489746,2021-01-27,2021-02-01
2518,None,Osnabrueck,GER,2,1445.06103516,2021-02-02,2021-02-06
2519,None,Osnabrueck,GER,2,1439.15661621,2021-02-07,2021-02-14
2520,None,Osnabrueck,GER,2,1433.35632324,2021-02-15,2021-02-16
2521,None,Osnabrueck,GER,2,1429.48742676,2021-02-17,2021-02-17
2522,None,Osnabrueck,GER,2,1433.04052734,2021-02-18,2021-02-18
2523,None,Osnabrueck,GER,2,1431.48999023,2021-02-19,2021-02-20
2524,None,Osnabrueck,GER,2,1424.73742676,2021-02-21,2021-02-23
2525,None,Osnabrueck,GER,2,1425.85412598,2021-02-24,2021-02-24
2526,None,Osnabrueck,GER,2,1424.69787598,2021-02-25,2021-02-25
2527,None,Osnabrueck,GER,2,1407.31213379,2021-02-26,2021-02-28
2528,None,Osnabrueck,GER,2,1395.17687988,2021-03-01,2021-03-09
2529,None,Osnabrueck,GER,2,1395.71789551,2021-03-10,2021-03-10
2530,None,Osnabrueck,GER,2,1393.1829834,2021-03-11,2021-03-14
2531,None,Osnabrueck,GER,2,1395.55517578,2021-03-15,2021-03-16
2532,None,Osnabrueck,GER,2,1395.39245605,2021-03-17,2021-03-17
2533,None,Osnabrueck,GER,2,1395.40356445,2021-03-18,2021-03-21
2534,None,Osnabrueck,GER,2,1387.89050293,2021-03-22,2021-04-03
2535,None,Osnabrueck,GER,2,1399.62268066,2021-04-04,2021-04-06
2536,None,Osnabrueck,GER,2,1399.44250488,2021-04-07,2021-04-07
2537,None,Osnabrueck,GER,2,1395.47766113,2021-04-08,2021-04-11
2538,None,Osnabrueck,GER,2,1376.92333984,2021-04-12,2021-04-13
2539,None,Osnabrueck,GER,2,1376.70373535,2021-04-14,2021-04-14
2540,None,Osnabrueck,GER,2,1368.29602051,2021-04-15,2021-04-18
2541,None,Osnabrueck,GER,2,1360.17687988,2021-04-19,2021-04-21
2542,None,Osnabrueck,GER,2,1364.84875488,2021-04-22,2021-04-24
2543,None,Osnabrueck,GER,2,1357.859375,2021-04-25,2021-05-08
2544,None,Osnabrueck,GER,2,1370.92993164,2021-05-09,2021-05-16
2545,None,Osnabrueck,GER,2,1382.17871094,2021-05-17,2021-05-23
2546,None,Osnabrueck,GER,2,1376.53894043,2021-05-24,2021-07-01
